{"x": [-84.53661550000001, -84.5106865, -84.4847575, -84.45882850000001, -84.4328995, -84.4069705, -84.38104150000001, -84.35511249999999, -84.3291835, -84.30325450000001], "y": [33.6363365, 33.6622695, 33.6882025, 33.7141355, 33.7400685, 33.7660015, 33.791934499999996, 33.817867500000006, 33.8438005, 33.869733499999995], "z": [[0.0, 21.0, 85.0, 78.0, 33.0, 1.0, 0.0, 0.0, 0.0, 0.0], [0.0, 433.0, 393.0, 85.0, 253.0, 332.0, 14.0, 0.0, 0.0, 0.0], [0.0, 68.0, 392.0, 153.0, 235.0, 501.0, 301.0, 158.0, 0.0, 0.0], [112.0, 0.0, 118.0, 403.0, 231.0, 481.0, 334.0, 262.0, 9.0, 8.0], [101.0, 15.0, 13.0, 471.0, 758.0, 508.0, 424.0, 264.0, 104.0, 27.0], [0.0, 43.0, 630.0, 628.0, 1643.0, 1125.0, 1303.0, 221.0, 43.0, 28.0], [5.0, 273.0, 308.0, 678.0, 907.0, 2268.0, 1118.0, 484.0, 894.0, 118.0], [16.0, 90.0, 181.0, 325.0, 591.0, 1483.0, 254.0, 1009.0, 948.0, 24.0], [0.0, 0.0, 0.0, 50.0, 188.0, 229.0, 2.0, 0.0, 0.0, 0.0], [0.0, 0.0, 0.0, 0.0, 211.0, 36.0, 0.0, 0.0, 0.0, 0.0]]}